from,to,comm_from,comm_to
161,455,1,1
56,508,1,1
304,469,1,1
291,521,1,1
375,511,1,1
32,36,1,1
127,415,1,1
37,366,1,1
221,181,1,1
449,258,1,1
22,271,1,1
15,218,1,1
156,223,1,1
2,48,1,1
397,520,1,1
221,553,1,1
415,467,1,1
146,248,1,1
35,49,1,1
6,94,1,1
141,174,1,1
2,372,1,1
95,283,1,1
147,312,1,1
24,29,1,1
311,382,1,1
26,472,1,1
166,506,1,1
448,272,1,1
20,401,1,1
495,528,1,1
87,444,1,1
235,518,1,1
228,278,1,1
109,352,1,1
4,61,1,1
76,114,1,1
21,249,1,1
172,370,1,1
86,173,1,1
172,486,1,1
54,464,1,1
425,438,1,1
151,190,1,1
325,533,1,1
156,406,1,1
29,152,1,1
10,342,1,1
174,369,1,1
26,289,1,1
183,286,1,1
219,300,1,1
20,241,1,1
448,538,1,1
30,260,1,1
56,474,1,1
181,467,1,1
37,54,1,1
39,48,1,1
71,233,1,1
59,86,1,1
80,432,1,1
34,400,1,1
35,190,1,1
10,349,1,1
84,241,1,1
83,525,1,1
5,419,1,1
148,378,1,1
347,519,1,1
267,301,1,1
302,33,1,1
291,45,1,1
31,36,1,1
133,335,1,1
532,462,1,1
90,546,1,1
303,320,1,1
170,199,1,1
234,411,1,1
48,84,1,1
193,54,1,1
279,441,1,1
118,250,1,1
2,410,1,1
33,375,1,1
5,271,1,1
26,472,1,1
79,94,1,1
11,332,1,1
34,470,1,1
14,56,1,1
162,370,1,1
135,242,1,1
25,47,1,1
4,203,1,1
7,161,1,1
59,147,1,1
469,503,1,1
191,492,1,1
230,335,1,1
49,381,1,1
3,186,1,1
1,52,1,1
10,109,1,1
10,539,1,1
266,338,1,1
430,464,1,1
228,283,1,1
25,242,1,1
72,280,1,1
4,44,1,1
35,34,1,1
32,330,1,1
126,524,1,1
10,168,1,1
1,358,1,1
275,435,1,1
14,318,1,1
24,306,1,1
21,448,1,1
23,133,1,1
406,505,1,1
35,302,1,1
11,310,1,1
325,424,1,1
107,415,1,1
193,313,1,1
415,510,1,1
22,38,1,1
285,369,1,1
424,457,1,1
139,208,1,1
35,18,1,1
176,404,1,1
193,434,1,1
39,366,1,1
167,394,1,1
70,235,1,1
49,140,1,1
39,89,1,1
398,509,1,1
153,433,1,1
167,317,1,1
426,553,1,1
123,215,1,1
340,14,1,1
342,541,1,1
129,134,1,1
225,462,1,1
298,336,1,1
71,409,1,1
4,48,1,1
136,416,1,1
283,400,1,1
255,387,1,1
540,516,1,1
32,63,1,1
383,452,1,1
263,545,1,1
4,483,1,1
6,306,1,1
52,543,1,1
23,131,1,1
90,440,1,1
1,394,1,1
35,276,1,1
295,330,1,1
31,194,1,1
20,81,1,1
111,481,1,1
59,148,1,1
6,148,1,1
80,305,1,1
340,51,1,1
113,409,1,1
51,82,1,1
283,527,1,1
36,284,1,1
429,510,1,1
62,146,1,1
274,378,1,1
188,454,1,1
48,426,1,1
318,269,1,1
168,206,1,1
300,537,1,1
203,290,1,1
36,343,1,1
523,526,1,1
310,333,1,1
271,482,1,1
215,471,1,1
385,544,1,1
141,328,1,1
37,45,1,1
35,32,1,1
291,264,1,1
387,53,1,1
21,189,1,1
47,71,1,1
31,167,1,1
15,308,1,1
221,451,1,1
25,39,1,1
28,46,1,1
30,464,1,1
99,42,1,1
322,529,1,1
200,216,1,1
3,164,1,1
45,375,1,1
7,39,1,1
429,552,1,1
184,411,1,1
164,48,1,1
1,420,1,1
15,163,1,1
47,293,1,1
24,135,1,1
268,268,1,1
5,248,1,1
43,246,1,1
208,438,1,1
133,426,1,1
188,266,1,1
302,129,1,1
45,375,1,1
35,1,1,1
21,376,1,1
25,263,1,1
5,79,1,1
33,381,1,1
21,95,1,1
253,455,1,1
386,487,1,1
383,431,1,1
28,304,1,1
43,103,1,1
141,203,1,1
375,64,1,1
48,528,1,1
241,487,1,1
25,60,1,1
32,13,1,1
227,335,1,1
6,368,1,1
364,369,1,1
201,518,1,1
6,151,1,1
351,457,1,1
21,169,1,1
21,5,1,1
76,500,1,1
43,169,1,1
78,468,1,1
221,485,1,1
302,497,1,1
31,521,1,1
19,61,1,1
21,348,1,1
302,423,1,1
12,347,1,1
360,523,1,1
87,435,1,1
20,448,1,1
201,525,1,1
318,211,1,1
288,364,1,1
97,97,1,1
32,249,1,1
441,545,1,1
101,288,1,1
10,221,1,1
177,244,1,1
6,435,1,1
26,361,1,1
139,179,1,1
299,542,1,1
371,394,1,1
2,332,1,1
291,60,1,1
232,41,1,1
313,473,1,1
79,365,1,1
373,461,1,1
69,132,1,1
3,394,1,1
286,438,1,1
37,539,1,1
1,448,1,1
3,271,1,1
15,330,1,1
94,188,1,1
10,352,1,1
117,150,1,1
123,147,1,1
444,489,1,1
5,188,1,1
38,300,1,1
35,467,1,1
236,338,1,1
302,198,1,1
69,111,1,1
4,30,1,1
97,45,1,1
214,356,1,1
97,108,1,1
208,426,1,1
371,518,1,1
532,529,1,1
164,239,1,1
2,151,1,1
20,29,1,1
340,291,1,1
251,443,1,1
52,188,1,1
35,319,1,1
19,30,1,1
127,157,1,1
10,352,1,1
446,464,1,1
89,473,1,1
11,365,1,1
46,118,1,1
91,119,1,1
2,540,1,1
10,78,1,1
63,544,1,1
49,527,1,1
152,426,1,1
157,509,1,1
46,78,1,1
338,519,1,1
235,543,1,1
39,135,1,1
297,309,1,1
83,443,1,1
67,248,1,1
14,94,1,1
350,401,1,1
51,106,1,1
2,83,1,1
397,482,1,1
258,396,1,1
169,223,1,1
44,525,1,1
236,464,1,1
291,76,1,1
456,541,1,1
14,382,1,1
318,463,1,1
34,465,1,1
153,478,1,1
35,146,1,1
46,222,1,1
304,362,1,1
490,510,1,1
18,208,1,1
441,16,1,1
19,122,1,1
21,381,1,1
152,245,1,1
196,434,1,1
255,505,1,1
229,424,1,1
2,156,1,1
449,211,1,1
152,386,1,1
48,543,1,1
18,86,1,1
50,402,1,1
519,550,1,1
118,421,1,1
5,402,1,1
398,412,1,1
213,308,1,1
35,258,1,1
28,365,1,1
212,490,1,1
240,310,1,1
126,249,1,1
2,161,1,1
75,320,1,1
45,375,1,1
4,207,1,1
293,428,1,1
19,184,1,1
59,68,1,1
200,535,1,1
19,286,1,1
194,356,1,1
51,460,1,1
164,66,1,1
33,440,1,1
28,446,1,1
183,296,1,1
3,116,1,1
6,305,1,1
119,312,1,1
360,520,1,1
310,365,1,1
340,59,1,1
18,202,1,1
14,29,1,1
21,193,1,1
19,162,1,1
26,345,1,1
5,24,1,1
193,18,1,1
66,199,1,1
45,325,1,1
2,143,1,1
170,464,1,1
43,449,1,1
85,161,1,1
146,443,1,1
267,320,1,1
267,377,1,1
212,396,1,1
254,463,1,1
45,208,1,1
3,45,1,1
4,273,1,1
21,19,1,1
82,523,1,1
248,507,1,1
329,380,1,1
70,241,1,1
2,22,1,1
48,449,1,1
21,73,1,1
251,275,1,1
32,207,1,1
10,209,1,1
241,475,1,1
86,359,1,1
398,403,1,1
146,279,1,1
140,360,1,1
448,85,1,1
319,543,1,1
11,508,1,1
523,552,1,1
195,41,1,1
21,410,1,1
279,341,1,1
177,474,1,1
18,466,1,1
490,501,1,1
375,306,1,1
173,466,1,1
230,427,1,1
54,451,1,1
26,124,1,1
45,161,1,1
199,354,1,1
540,146,1,1
160,551,1,1
51,222,1,1
125,372,1,1
22,236,1,1
162,378,1,1
448,206,1,1
35,49,1,1
31,182,1,1
151,252,1,1
249,388,1,1
31,445,1,1
22,312,1,1
435,506,1,1
48,123,1,1
17,119,1,1
71,266,1,1
88,286,1,1
84,387,1,1
56,478,1,1
448,382,1,1
185,238,1,1
304,532,1,1
320,367,1,1
247,417,1,1
375,305,1,1
21,65,1,1
76,209,1,1
238,310,1,1
4,70,1,1
78,541,1,1
134,271,1,1
144,148,1,1
35,554,1,1
46,447,1,1
96,544,1,1
182,399,1,1
116,434,1,1
266,531,1,1
118,459,1,1
18,261,1,1
167,233,1,1
318,459,1,1
302,278,1,1
218,525,1,1
35,47,1,1
49,65,1,1
29,154,1,1
23,404,1,1
22,30,1,1
62,110,1,1
23,451,1,1
47,360,1,1
157,542,1,1
382,396,1,1
51,521,1,1
315,354,1,1
23,43,1,1
97,300,1,1
192,379,1,1
125,176,1,1
31,33,1,1
43,404,1,1
59,480,1,1
89,173,1,1
27,292,1,1
64,277,1,1
107,273,1,1
41,438,1,1
413,501,1,1
200,398,1,1
531,16,1,1
11,372,1,1
501,542,1,1
221,85,1,1
30,155,1,1
34,450,1,1
146,473,1,1
149,313,1,1
6,326,1,1
33,242,1,1
433,510,1,1
281,416,1,1
70,445,1,1
302,25,1,1
80,92,1,1
97,318,1,1
46,107,1,1
197,319,1,1
149,278,1,1
47,227,1,1
10,39,1,1
4,154,1,1
540,98,1,1
393,436,1,1
456,476,1,1
64,165,1,1
179,372,1,1
449,406,1,1
6,108,1,1
194,527,1,1
54,501,1,1
199,409,1,1
122,528,1,1
540,164,1,1
60,517,1,1
97,204,1,1
35,255,1,1
24,185,1,1
289,534,1,1
193,296,1,1
19,291,1,1
59,291,1,1
53,522,1,1
6,18,1,1
14,426,1,1
61,457,1,1
2,287,1,1
124,270,1,1
540,502,1,1
24,449,1,1
334,453,1,1
86,525,1,1
33,335,1,1
5,346,1,1
540,484,1,1
166,256,1,1
232,548,1,1
540,241,1,1
229,462,1,1
353,530,1,1
30,165,1,1
449,137,1,1
97,38,1,1
305,326,1,1
143,170,1,1
39,43,1,1
135,334,1,1
146,192,1,1
291,138,1,1
26,258,1,1
35,5,1,1
449,134,1,1
97,255,1,1
440,499,1,1
31,399,1,1
434,465,1,1
17,283,1,1
473,513,1,1
385,440,1,1
7,95,1,1
160,345,1,1
4,83,1,1
6,305,1,1
254,293,1,1
351,432,1,1
396,472,1,1
18,461,1,1
134,183,1,1
272,409,1,1
22,152,1,1
2,327,1,1
452,525,1,1
216,502,1,1
449,306,1,1
49,434,1,1
437,447,1,1
35,248,1,1
1,234,1,1
75,445,1,1
193,74,1,1
97,94,1,1
341,541,1,1
35,29,1,1
23,249,1,1
32,51,1,1
28,366,1,1
34,358,1,1
20,393,1,1
21,510,1,1
2,523,1,1
245,491,1,1
106,229,1,1
21,267,1,1
54,190,1,1
99,454,1,1
139,308,1,1
116,170,1,1
390,443,1,1
220,484,1,1
255,507,1,1
340,230,1,1
141,526,1,1
35,471,1,1
4,519,1,1
265,354,1,1
11,28,1,1
105,359,1,1
171,554,1,1
21,408,1,1
257,436,1,1
253,520,1,1
164,132,1,1
28,62,1,1
442,499,1,1
19,454,1,1
32,66,1,1
333,354,1,1
35,194,1,1
481,510,1,1
2,260,1,1
475,541,1,1
104,147,1,1
5,368,1,1
52,300,1,1
74,329,1,1
22,312,1,1
21,552,1,1
34,168,1,1
23,191,1,1
449,541,1,1
94,480,1,1
58,546,1,1
56,545,1,1
22,51,1,1
49,130,1,1
10,449,1,1
442,518,1,1
216,385,1,1
472,549,1,1
270,452,1,1
39,267,1,1
30,123,1,1
169,232,1,1
11,15,1,1
315,326,1,1
72,524,1,1
21,221,1,1
1,236,1,1
5,13,1,1
97,119,1,1
66,490,1,1
4,359,1,1
216,358,1,1
182,191,1,1
7,117,1,1
34,54,1,1
21,35,1,1
227,296,1,1
420,480,1,1
88,256,1,1
37,86,1,1
445,487,1,1
267,416,1,1
18,51,1,1
278,365,1,1
7,293,1,1
163,257,1,1
1,47,1,1
20,201,1,1
138,535,1,1
204,494,1,1
7,169,1,1
78,524,1,1
254,461,1,1
431,444,1,1
72,41,1,1
15,477,1,1
362,407,1,1
25,383,1,1
10,140,1,1
10,308,1,1
166,526,1,1
167,465,1,1
375,165,1,1
30,117,1,1
4,380,1,1
85,119,1,1
243,292,1,1
76,525,1,1
371,502,1,1
141,258,1,1
294,356,1,1
39,163,1,1
176,233,1,1
33,417,1,1
167,281,1,1
73,127,1,1
156,165,1,1
302,492,1,1
449,226,1,1
164,467,1,1
77,204,1,1
22,36,1,1
318,368,1,1
23,169,1,1
97,32,1,1
522,542,1,1
395,513,1,1
449,457,1,1
35,159,1,1
14,31,1,1
482,495,1,1
24,128,1,1
28,505,1,1
433,457,1,1
139,455,1,1
448,405,1,1
340,147,1,1
287,468,1,1
422,16,1,1
25,3,1,1
11,268,1,1
147,317,1,1
155,392,1,1
7,34,1,1
268,370,1,1
101,336,1,1
133,369,1,1
23,476,1,1
193,60,1,1
39,465,1,1
93,216,1,1
371,506,1,1
18,123,1,1
7,270,1,1
147,504,1,1
33,34,1,1
277,345,1,1
1,472,1,1
31,76,1,1
13,394,1,1
143,383,1,1
32,66,1,1
18,452,1,1
32,52,1,1
193,190,1,1
161,555,1,1
106,163,1,1
22,259,1,1
22,416,1,1
302,344,1,1
35,537,1,1
7,237,1,1
45,81,1,1
371,545,1,1
129,545,1,1
281,474,1,1
46,435,1,1
403,527,1,1
33,284,1,1
35,14,1,1
25,98,1,1
449,363,1,1
291,151,1,1
164,491,1,1
4,144,1,1
424,506,1,1
5,77,1,1
45,275,1,1
287,344,1,1
291,526,1,1
116,364,1,1
26,412,1,1
368,480,1,1
71,462,1,1
226,256,1,1
45,542,1,1
37,324,1,1
91,446,1,1
2,24,1,1
340,475,1,1
318,421,1,1
28,238,1,1
46,488,1,1
20,187,1,1
15,414,1,1
7,528,1,1
221,476,1,1
37,66,1,1
193,458,1,1
250,262,1,1
131,508,1,1
267,536,1,1
334,520,1,1
149,464,1,1
36,43,1,1
29,49,1,1
378,477,1,1
26,33,1,1
21,136,1,1
168,465,1,1
19,45,1,1
2,346,1,1
59,269,1,1
193,471,1,1
293,295,1,1
128,276,1,1
149,391,1,1
31,199,1,1
184,253,1,1
19,89,1,1
208,524,1,1
14,104,1,1
43,534,1,1
26,341,1,1
129,267,1,1
326,527,1,1
40,397,1,1
7,243,1,1
142,173,1,1
37,51,1,1
3,478,1,1
15,27,1,1
291,375,1,1
96,535,1,1
326,450,1,1
21,46,1,1
25,371,1,1
48,51,1,1
432,510,1,1
52,418,1,1
540,225,1,1
20,496,1,1
182,464,1,1
289,334,1,1
20,514,1,1
91,99,1,1
221,48,1,1
262,325,1,1
221,389,1,1
153,258,1,1
390,553,1,1
184,547,1,1
117,406,1,1
6,29,1,1
258,259,1,1
139,151,1,1
164,16,1,1
11,457,1,1
21,97,1,1
99,428,1,1
271,356,1,1
234,394,1,1
21,52,1,1
7,95,1,1
56,407,1,1
434,515,1,1
17,45,1,1
128,468,1,1
313,501,1,1
104,111,1,1
28,366,1,1
58,309,1,1
64,208,1,1
45,249,1,1
99,421,1,1
48,423,1,1
324,550,1,1
125,142,1,1
345,516,1,1
319,546,1,1
35,55,1,1
342,378,1,1
231,341,1,1
47,120,1,1
158,319,1,1
2,230,1,1
2,318,1,1
142,224,1,1
365,390,1,1
208,252,1,1
3,280,1,1
40,549,1,1
433,547,1,1
15,15,1,1
35,194,1,1
4,118,1,1
22,299,1,1
29,408,1,1
113,526,1,1
54,475,1,1
43,219,1,1
95,176,1,1
367,459,1,1
264,325,1,1
4,63,1,1
2,177,1,1
230,266,1,1
21,114,1,1
164,417,1,1
97,382,1,1
78,512,1,1
15,56,1,1
18,25,1,1
302,337,1,1
67,485,1,1
185,467,1,1
26,31,1,1
4,6,1,1
77,458,1,1
7,79,1,1
4,186,1,1
260,262,1,1
20,256,1,1
164,500,1,1
1,36,1,1
349,495,1,1
484,497,1,1
65,265,1,1
7,47,1,1
340,86,1,1
35,435,1,1
318,336,1,1
11,28,1,1
14,97,1,1
2,3,1,1
121,462,1,1
24,121,1,1
78,199,1,1
35,434,1,1
28,291,1,1
48,339,1,1
452,553,1,1
125,260,1,1
34,388,1,1
417,476,1,1
6,307,1,1
43,465,1,1
181,354,1,1
102,257,1,1
103,115,1,1
56,185,1,1
25,235,1,1
241,293,1,1
472,524,1,1
30,276,1,1
2,51,1,1
14,133,1,1
33,450,1,1
6,116,1,1
43,72,1,1
276,366,1,1
124,510,1,1
375,72,1,1
47,199,1,1
20,1,1,1
279,311,1,1
48,374,1,1
385,424,1,1
39,154,1,1
187,274,1,1
159,241,1,1
49,490,1,1
180,523,1,1
1,199,1,1
540,65,1,1
76,174,1,1
61,110,1,1
375,196,1,1
92,213,1,1
194,295,1,1
119,222,1,1
10,465,1,1
28,357,1,1
93,227,1,1
17,289,1,1
32,352,1,1
79,400,1,1
19,313,1,1
4,330,1,1
477,501,1,1
153,442,1,1
48,201,1,1
343,499,1,1
346,471,1,1
343,488,1,1
39,60,1,1
46,519,1,1
24,463,1,1
25,307,1,1
106,150,1,1
409,419,1,1
32,39,1,1
414,437,1,1
448,399,1,1
128,529,1,1
213,431,1,1
37,300,1,1
35,459,1,1
213,490,1,1
21,471,1,1
32,218,1,1
56,487,1,1
2,71,1,1
34,494,1,1
51,52,1,1
10,139,1,1
23,3,1,1
216,445,1,1
435,551,1,1
78,377,1,1
107,445,1,1
428,530,1,1
156,169,1,1
127,139,1,1
321,363,1,1
7,291,1,1
10,37,1,1
109,301,1,1
5,423,1,1
7,429,1,1
59,67,1,1
20,234,1,1
2,267,1,1
308,313,1,1
263,474,1,1
35,67,1,1
368,544,1,1
340,320,1,1
172,446,1,1
332,450,1,1
174,399,1,1
205,307,1,1
22,38,1,1
349,548,1,1
10,442,1,1
4,119,1,1
205,289,1,1
45,47,1,1
305,526,1,1
2,43,1,1
510,514,1,1
221,341,1,1
19,506,1,1
346,435,1,1
123,433,1,1
2,26,1,1
284,436,1,1
5,340,1,1
222,239,1,1
151,368,1,1
457,536,1,1
87,531,1,1
367,539,1,1
35,14,1,1
166,420,1,1
38,429,1,1
165,512,1,1
139,310,1,1
6,22,1,1
69,386,1,1
14,58,1,1
207,352,1,1
6,149,1,1
11,49,1,1
25,135,1,1
193,226,1,1
375,344,1,1
221,375,1,1
34,270,1,1
35,422,1,1
116,328,1,1
45,236,1,1
540,165,1,1
221,304,1,1
117,356,1,1
109,538,1,1
146,485,1,1
406,475,1,1
319,499,1,1
525,551,1,1
237,320,1,1
237,501,1,1
284,453,1,1
11,536,1,1
165,468,1,1
22,346,1,1
291,48,1,1
12,115,1,1
186,554,1,1
2,59,1,1
339,506,1,1
21,291,1,1
5,379,1,1
122,514,1,1
39,370,1,1
51,270,1,1
216,468,1,1
103,284,1,1
18,33,1,1
28,29,1,1
318,439,1,1
262,538,1,1
33,52,1,1
2,520,1,1
212,255,1,1
318,250,1,1
199,504,1,1
31,515,1,1
93,365,1,1
203,206,1,1
49,506,1,1
4,524,1,1
83,216,1,1
21,467,1,1
178,322,1,1
6,198,1,1
163,268,1,1
18,178,1,1
300,441,1,1
133,494,1,1
432,555,1,1
329,554,1,1
20,283,1,1
37,341,1,1
386,461,1,1
354,407,1,1
148,464,1,1
144,442,1,1
21,76,1,1
27,554,1,1
62,364,1,1
322,460,1,1
22,295,1,1
324,530,1,1
540,205,1,1
41,433,1,1
249,410,1,1
193,176,1,1
35,37,1,1
285,325,1,1
51,338,1,1
380,393,1,1
35,12,1,1
6,502,1,1
35,505,1,1
25,356,1,1
35,26,1,1
242,343,1,1
19,476,1,1
234,335,1,1
3,136,1,1
43,329,1,1
14,456,1,1
5,227,1,1
65,495,1,1
3,429,1,1
227,289,1,1
97,469,1,1
291,115,1,1
340,433,1,1
31,27,1,1
66,397,1,1
82,329,1,1
291,89,1,1
490,493,1,1
46,48,1,1
373,417,1,1
130,360,1,1
206,248,1,1
32,105,1,1
373,515,1,1
14,33,1,1
28,355,1,1
230,274,1,1
82,289,1,1
209,500,1,1
4,349,1,1
13,472,1,1
104,206,1,1
276,469,1,1
25,34,1,1
88,545,1,1
168,224,1,1
24,414,1,1
11,3,1,1
196,382,1,1
47,178,1,1
21,399,1,1
314,549,1,1
430,526,1,1
399,419,1,1
26,393,1,1
47,139,1,1
23,445,1,1
4,48,1,1
316,512,1,1
29,321,1,1
22,500,1,1
51,480,1,1
20,141,1,1
540,269,1,1
164,188,1,1
15,399,1,1
251,418,1,1
528,16,1,1
78,337,1,1
260,321,1,1
113,478,1,1
16,550,1,1
272,545,1,1
72,503,1,1
17,452,1,1
114,228,1,1
60,405,1,1
49,418,1,1
9,546,1,1
59,121,1,1
23,331,1,1
3,489,1,1
150,390,1,1
112,183,1,1
15,1,1,1
30,65,1,1
127,215,1,1
315,372,1,1
100,328,1,1
114,317,1,1
15,387,1,1
50,482,1,1
71,326,1,1
102,394,1,1
35,207,1,1
290,502,1,1
540,132,1,1
64,437,1,1
99,119,1,1
221,501,1,1
12,509,1,1
313,484,1,1
19,489,1,1
31,159,1,1
429,519,1,1
23,356,1,1
268,497,1,1
146,265,1,1
150,253,1,1
138,276,1,1
4,359,1,1
26,13,1,1
35,449,1,1
198,417,1,1
318,535,1,1
215,268,1,1
451,454,1,1
15,139,1,1
458,462,1,1
392,430,1,1
54,290,1,1
247,278,1,1
200,450,1,1
83,285,1,1
2,294,1,1
1,406,1,1
29,281,1,1
21,180,1,1
454,478,1,1
19,19,1,1
29,253,1,1
54,502,1,1
341,503,1,1
44,83,1,1
28,330,1,1
414,467,1,1
25,84,1,1
31,456,1,1
2,309,1,1
267,416,1,1
162,388,1,1
375,280,1,1
5,450,1,1
22,225,1,1
382,413,1,1
235,337,1,1
102,472,1,1
329,342,1,1
317,384,1,1
133,518,1,1
154,8,1,1
20,47,1,1
48,258,1,1
26,221,1,1
35,227,1,1
111,518,1,1
17,61,1,1
387,482,1,1
15,30,1,1
144,528,1,1
2,162,1,1
118,216,1,1
212,526,1,1
231,297,1,1
61,161,1,1
116,488,1,1
39,533,1,1
184,320,1,1
14,346,1,1
139,182,1,1
318,544,1,1
59,14,1,1
34,234,1,1
85,537,1,1
46,218,1,1
36,509,1,1
371,495,1,1
48,129,1,1
25,34,1,1
264,280,1,1
315,344,1,1
306,380,1,1
6,97,1,1
6,102,1,1
54,254,1,1
164,124,1,1
259,474,1,1
5,106,1,1
448,93,1,1
18,30,1,1
212,522,1,1
1,419,1,1
114,237,1,1
51,133,1,1
31,182,1,1
33,136,1,1
20,170,1,1
160,271,1,1
11,161,1,1
333,480,1,1
279,460,1,1
80,346,1,1
291,273,1,1
139,184,1,1
35,220,1,1
302,260,1,1
284,441,1,1
28,33,1,1
6,309,1,1
48,166,1,1
415,509,1,1
23,80,1,1
59,106,1,1
1,49,1,1
48,253,1,1
131,430,1,1
173,188,1,1
124,297,1,1
278,368,1,1
395,482,1,1
43,47,1,1
609,617,2,2
770,1085,2,2
563,1073,2,2
601,789,2,2
663,708,2,2
803,1073,2,2
699,1075,2,2
674,953,2,2
587,1050,2,2
561,960,2,2
740,977,2,2
966,1105,2,2
1079,977,2,2
582,609,2,2
559,563,2,2
887,998,2,2
620,742,2,2
780,868,2,2
618,1035,2,2
589,832,2,2
641,876,2,2
690,768,2,2
966,986,2,2
601,610,2,2
658,716,2,2
703,903,2,2
687,699,2,2
863,958,2,2
566,1037,2,2
997,1016,2,2
837,892,2,2
580,1019,2,2
651,996,2,2
557,836,2,2
787,881,2,2
560,1108,2,2
861,589,2,2
846,968,2,2
628,796,2,2
610,919,2,2
611,764,2,2
631,956,2,2
862,936,2,2
720,799,2,2
771,1031,2,2
573,720,2,2
720,832,2,2
836,594,2,2
590,773,2,2
589,632,2,2
659,731,2,2
573,801,2,2
644,709,2,2
660,900,2,2
593,1021,2,2
696,887,2,2
584,806,2,2
561,646,2,2
560,791,2,2
595,722,2,2
597,1101,2,2
695,815,2,2
566,746,2,2
609,823,2,2
636,882,2,2
593,1074,2,2
698,834,2,2
598,602,2,2
582,1004,2,2
803,811,2,2
824,1026,2,2
578,1061,2,2
559,649,2,2
557,1092,2,2
777,1007,2,2
556,905,2,2
779,984,2,2
702,735,2,2
916,1070,2,2
556,1061,2,2
609,955,2,2
855,923,2,2
897,1061,2,2
680,708,2,2
570,776,2,2
661,853,2,2
622,711,2,2
582,965,2,2
813,825,2,2
665,930,2,2
627,1088,2,2
601,970,2,2
564,1087,2,2
618,778,2,2
580,989,2,2
559,778,2,2
580,744,2,2
603,1060,2,2
720,815,2,2
580,755,2,2
799,818,2,2
592,820,2,2
594,1043,2,2
573,604,2,2
702,971,2,2
623,675,2,2
731,935,2,2
753,931,2,2
822,979,2,2
578,959,2,2
794,1098,2,2
877,990,2,2
564,599,2,2
607,780,2,2
667,856,2,2
744,1070,2,2
559,565,2,2
556,562,2,2
573,873,2,2
561,581,2,2
579,603,2,2
1009,950,2,2
620,1035,2,2
872,881,2,2
557,565,2,2
560,943,2,2
568,791,2,2
603,1094,2,2
855,979,2,2
710,1075,2,2
572,607,2,2
716,1083,2,2
974,1104,2,2
590,606,2,2
576,1037,2,2
601,685,2,2
702,710,2,2
912,1039,2,2
578,1095,2,2
571,1103,2,2
909,1083,2,2
559,785,2,2
570,878,2,2
560,1087,2,2
565,763,2,2
570,838,2,2
903,1020,2,2
646,847,2,2
789,1006,2,2
913,1107,2,2
724,1080,2,2
564,663,2,2
769,964,2,2
579,639,2,2
564,1060,2,2
821,868,2,2
1032,1041,2,2
753,928,2,2
560,688,2,2
563,1097,2,2
625,759,2,2
632,1086,2,2
683,1026,2,2
560,817,2,2
595,1058,2,2
787,569,2,2
620,685,2,2
762,851,2,2
557,1063,2,2
672,1094,2,2
597,943,2,2
568,594,2,2
572,959,2,2
1009,966,2,2
585,787,2,2
869,999,2,2
710,1100,2,2
592,633,2,2
789,859,2,2
557,572,2,2
800,844,2,2
703,1000,2,2
661,721,2,2
772,843,2,2
673,907,2,2
601,625,2,2
559,1099,2,2
557,1022,2,2
752,1004,2,2
1079,970,2,2
968,1048,2,2
632,635,2,2
740,1075,2,2
609,1017,2,2
692,697,2,2
588,912,2,2
594,1109,2,2
574,984,2,2
595,877,2,2
740,719,2,2
565,812,2,2
692,765,2,2
930,946,2,2
580,943,2,2
687,610,2,2
668,870,2,2
594,862,2,2
917,974,2,2
669,863,2,2
565,1031,2,2
796,940,2,2
598,814,2,2
578,588,2,2
566,679,2,2
778,1038,2,2
842,1096,2,2
563,1105,2,2
892,939,2,2
811,1110,2,2
639,822,2,2
592,623,2,2
592,843,2,2
876,1068,2,2
594,735,2,2
856,872,2,2
986,1100,2,2
558,700,2,2
658,1004,2,2
617,852,2,2
740,601,2,2
669,889,2,2
663,974,2,2
1086,1086,2,2
769,857,2,2
767,1031,2,2
556,886,2,2
606,870,2,2
1093,787,2,2
668,872,2,2
742,949,2,2
577,708,2,2
593,1096,2,2
715,899,2,2
593,595,2,2
650,976,2,2
643,777,2,2
736,952,2,2
632,731,2,2
802,562,2,2
676,1043,2,2
859,865,2,2
721,940,2,2
604,1057,2,2
593,1005,2,2
570,1013,2,2
560,1023,2,2
959,1049,2,2
557,933,2,2
568,860,2,2
925,992,2,2
576,921,2,2
594,623,2,2
578,568,2,2
754,967,2,2
757,947,2,2
587,707,2,2
628,767,2,2
666,880,2,2
663,585,2,2
582,870,2,2
626,657,2,2
720,819,2,2
733,917,2,2
598,799,2,2
1078,676,2,2
560,606,2,2
580,1069,2,2
735,596,2,2
576,978,2,2
861,967,2,2
647,1050,2,2
559,955,2,2
609,658,2,2
577,1011,2,2
588,1011,2,2
1079,979,2,2
563,867,2,2
687,731,2,2
632,1033,2,2
836,1060,2,2
568,688,2,2
932,986,2,2
755,758,2,2
884,928,2,2
598,773,2,2
764,939,2,2
632,973,2,2
700,753,2,2
861,592,2,2
671,1000,2,2
878,969,2,2
595,746,2,2
708,920,2,2
633,1028,2,2
696,849,2,2
576,582,2,2
747,1109,2,2
985,1081,2,2
557,783,2,2
1079,1017,2,2
944,1037,2,2
566,643,2,2
663,598,2,2
690,948,2,2
565,582,2,2
773,926,2,2
845,858,2,2
571,906,2,2
778,921,2,2
826,848,2,2
1078,680,2,2
627,773,2,2
606,1099,2,2
787,749,2,2
669,1002,2,2
1079,816,2,2
557,610,2,2
603,925,2,2
589,781,2,2
692,1039,2,2
749,751,2,2
1093,681,2,2
574,1021,2,2
559,678,2,2
758,877,2,2
654,677,2,2
1078,718,2,2
735,936,2,2
596,1090,2,2
1078,973,2,2
609,962,2,2
606,652,2,2
687,887,2,2
570,617,2,2
687,863,2,2
743,992,2,2
559,891,2,2
902,1070,2,2
566,732,2,2
677,926,2,2
556,863,2,2
872,1069,2,2
582,583,2,2
711,714,2,2
561,999,2,2
585,830,2,2
710,941,2,2
725,1015,2,2
787,700,2,2
814,886,2,2
688,834,2,2
584,977,2,2
745,947,2,2
712,929,2,2
569,944,2,2
880,997,2,2
571,804,2,2
814,868,2,2
557,745,2,2
836,740,2,2
902,1104,2,2
557,1034,2,2
558,857,2,2
728,821,2,2
729,888,2,2
610,1001,2,2
609,1011,2,2
625,868,2,2
679,884,2,2
586,664,2,2
564,809,2,2
974,1038,2,2
1093,686,2,2
590,990,2,2
578,687,2,2
676,1018,2,2
776,811,2,2
579,987,2,2
641,911,2,2
964,972,2,2
597,869,2,2
812,918,2,2
581,667,2,2
981,1086,2,2
602,1098,2,2
761,828,2,2
556,1045,2,2
590,846,2,2
601,900,2,2
1009,1055,2,2
693,788,2,2
663,590,2,2
787,1079,2,2
574,591,2,2
556,886,2,2
557,862,2,2
579,981,2,2
714,746,2,2
660,777,2,2
740,996,2,2
642,873,2,2
594,724,2,2
568,839,2,2
605,988,2,2
604,765,2,2
759,856,2,2
888,895,2,2
854,1024,2,2
590,986,2,2
838,868,2,2
581,1052,2,2
607,976,2,2
595,1097,2,2
632,968,2,2
593,891,2,2
560,773,2,2
861,996,2,2
823,880,2,2
570,788,2,2
960,1006,2,2
691,840,2,2
578,762,2,2
571,687,2,2
787,610,2,2
581,582,2,2
612,628,2,2
661,744,2,2
763,1110,2,2
727,789,2,2
598,842,2,2
997,1039,2,2
601,982,2,2
592,685,2,2
607,686,2,2
632,803,2,2
568,768,2,2
738,567,2,2
585,770,2,2
557,633,2,2
632,726,2,2
594,1103,2,2
572,575,2,2
563,750,2,2
1050,1108,2,2
572,728,2,2
1024,1040,2,2
901,933,2,2
844,1104,2,2
581,830,2,2
664,802,2,2
802,954,2,2
687,608,2,2
595,963,2,2
740,749,2,2
637,690,2,2
579,705,2,2
594,856,2,2
770,809,2,2
1024,1107,2,2
576,974,2,2
594,894,2,2
607,907,2,2
564,808,2,2
599,710,2,2
817,844,2,2
592,951,2,2
722,876,2,2
785,790,2,2
808,1105,2,2
578,1062,2,2
839,1028,2,2
561,582,2,2
563,570,2,2
836,739,2,2
595,1015,2,2
826,953,2,2
559,830,2,2
1078,1034,2,2
1003,1059,2,2
788,1100,2,2
1013,1102,2,2
564,679,2,2
559,804,2,2
601,678,2,2
810,1064,2,2
900,1044,2,2
582,569,2,2
702,779,2,2
861,622,2,2
586,1024,2,2
580,930,2,2
576,852,2,2
649,719,2,2
557,1075,2,2
560,940,2,2
557,777,2,2
895,1047,2,2
582,742,2,2
746,952,2,2
571,856,2,2
861,607,2,2
589,677,2,2
821,923,2,2
589,676,2,2
557,558,2,2
826,1015,2,2
577,1062,2,2
686,997,2,2
565,1086,2,2
557,590,2,2
573,589,2,2
877,946,2,2
865,1080,2,2
856,1099,2,2
610,734,2,2
748,1051,2,2
582,599,2,2
1009,684,2,2
861,904,2,2
879,949,2,2
577,653,2,2
585,924,2,2
795,1105,2,2
593,1002,2,2
607,628,2,2
570,975,2,2
666,748,2,2
741,956,2,2
580,781,2,2
610,850,2,2
593,643,2,2
560,733,2,2
559,1045,2,2
776,921,2,2
687,1098,2,2
593,676,2,2
793,880,2,2
565,719,2,2
742,954,2,2
811,903,2,2
858,1033,2,2
841,914,2,2
651,939,2,2
794,939,2,2
592,1003,2,2
731,804,2,2
574,1067,2,2
623,1027,2,2
559,890,2,2
704,723,2,2
557,698,2,2
809,813,2,2
621,718,2,2
938,944,2,2
559,1029,2,2
612,1105,2,2
673,826,2,2
609,990,2,2
563,780,2,2
572,586,2,2
744,850,2,2
580,941,2,2
743,1049,2,2
924,1089,2,2
556,568,2,2
841,1019,2,2
556,578,2,2
558,735,2,2
673,882,2,2
663,606,2,2
798,1027,2,2
838,939,2,2
566,601,2,2
570,1075,2,2
711,991,2,2
557,701,2,2
603,1099,2,2
592,718,2,2
665,732,2,2
754,889,2,2
561,936,2,2
599,858,2,2
586,651,2,2
605,934,2,2
1015,1059,2,2
626,702,2,2
560,680,2,2
637,669,2,2
609,779,2,2
570,618,2,2
961,1109,2,2
680,697,2,2
861,1106,2,2
861,860,2,2
740,707,2,2
755,955,2,2
698,907,2,2
595,913,2,2
578,792,2,2
731,906,2,2
573,767,2,2
594,752,2,2
751,1075,2,2
759,887,2,2
761,899,2,2
595,619,2,2
642,1033,2,2
563,828,2,2
642,893,2,2
581,689,2,2
578,572,2,2
669,768,2,2
572,875,2,2
578,581,2,2
707,981,2,2
658,771,2,2
629,708,2,2
859,968,2,2
872,909,2,2
836,665,2,2
1078,704,2,2
768,785,2,2
561,595,2,2
663,577,2,2
560,598,2,2
578,869,2,2
842,986,2,2
587,961,2,2
735,1104,2,2
906,1051,2,2
637,1086,2,2
599,787,2,2
737,952,2,2
842,1048,2,2
641,899,2,2
593,683,2,2
908,911,2,2
886,946,2,2
579,641,2,2
1022,1065,2,2
592,598,2,2
563,946,2,2
578,902,2,2
760,846,2,2
576,801,2,2
584,592,2,2
563,800,2,2
745,1058,2,2
780,1015,2,2
740,770,2,2
777,830,2,2
588,973,2,2
692,729,2,2
580,848,2,2
610,997,2,2
570,591,2,2
729,605,2,2
723,1070,2,2
556,662,2,2
672,751,2,2
585,737,2,2
843,843,2,2
652,724,2,2
819,971,2,2
615,562,2,2
681,921,2,2
901,1030,2,2
648,660,2,2
566,865,2,2
628,815,2,2
570,946,2,2
595,721,2,2
1009,1004,2,2
836,762,2,2
634,638,2,2
619,871,2,2
736,1045,2,2
790,1037,2,2
557,559,2,2
687,623,2,2
861,895,2,2
861,570,2,2
635,713,2,2
566,748,2,2
661,858,2,2
559,561,2,2
593,838,2,2
1009,671,2,2
880,1055,2,2
1062,1096,2,2
563,558,2,2
971,1060,2,2
581,1034,2,2
818,1097,2,2
578,647,2,2
601,1094,2,2
685,1105,2,2
1026,1095,2,2
568,852,2,2
855,1100,2,2
585,975,2,2
587,1078,2,2
778,1080,2,2
972,1091,2,2
590,1104,2,2
839,852,2,2
566,982,2,2
563,558,2,2
594,993,2,2
610,820,2,2
663,660,2,2
558,815,2,2
686,605,2,2
729,933,2,2
810,931,2,2
589,959,2,2
559,789,2,2
610,669,2,2
684,919,2,2
921,957,2,2
577,813,2,2
789,932,2,2
646,1015,2,2
557,671,2,2
588,1088,2,2
607,849,2,2
556,625,2,2
799,1018,2,2
560,695,2,2
661,697,2,2
594,829,2,2
557,641,2,2
578,913,2,2
1009,865,2,2
574,840,2,2
968,972,2,2
622,690,2,2
740,1078,2,2
705,757,2,2
580,972,2,2
861,1063,2,2
566,607,2,2
560,1021,2,2
864,1069,2,2
556,1058,2,2
578,746,2,2
831,856,2,2
599,992,2,2
905,1106,2,2
673,725,2,2
915,927,2,2
861,592,2,2
572,587,2,2
832,1065,2,2
973,1074,2,2
850,889,2,2
556,693,2,2
665,969,2,2
593,1018,2,2
557,894,2,2
589,1053,2,2
571,939,2,2
578,961,2,2
742,979,2,2
812,891,2,2
560,600,2,2
586,681,2,2
658,741,2,2
663,576,2,2
762,839,2,2
735,870,2,2
557,610,2,2
1056,1083,2,2
851,1065,2,2
560,592,2,2
587,761,2,2
1093,772,2,2
614,888,2,2
701,827,2,2
576,1079,2,2
580,919,2,2
1009,906,2,2
874,1107,2,2
1093,882,2,2
559,621,2,2
578,784,2,2
593,684,2,2
599,704,2,2
652,886,2,2
639,720,2,2
578,983,2,2
593,891,2,2
589,742,2,2
856,1066,2,2
556,588,2,2
1010,1014,2,2
574,643,2,2
689,1002,2,2
784,898,2,2
1027,1055,2,2
557,728,2,2
939,1074,2,2
658,833,2,2
791,826,2,2
572,786,2,2
634,950,2,2
559,1093,2,2
556,1000,2,2
675,567,2,2
902,1067,2,2
620,840,2,2
700,998,2,2
638,662,2,2
663,766,2,2
622,660,2,2
687,653,2,2
698,896,2,2
811,1027,2,2
675,901,2,2
564,590,2,2
556,603,2,2
844,915,2,2
566,877,2,2
568,975,2,2
644,676,2,2
873,1085,2,2
836,581,2,2
590,1072,2,2
577,644,2,2
593,611,2,2
823,939,2,2
646,853,2,2
567,1095,2,2
578,590,2,2
755,1076,2,2
751,872,2,2
560,763,2,2
787,937,2,2
608,900,2,2
599,622,2,2
593,1084,2,2
750,937,2,2
713,776,2,2
556,625,2,2
607,733,2,2
566,869,2,2
579,648,2,2
578,1079,2,2
970,995,2,2
568,975,2,2
567,1110,2,2
632,874,2,2
582,768,2,2
698,1004,2,2
567,1102,2,2
698,812,2,2
585,662,2,2
689,938,2,2
693,569,2,2
560,966,2,2
944,960,2,2
793,852,2,2
560,841,2,2
577,1079,2,2
735,1035,2,2
578,782,2,2
559,747,2,2
584,666,2,2
632,1076,2,2
1078,627,2,2
780,838,2,2
780,856,2,2
663,788,2,2
1096,1102,2,2
708,935,2,2
733,867,2,2
690,756,2,2
742,773,2,2
612,697,2,2
560,687,2,2
572,608,2,2
654,738,2,2
754,932,2,2
645,684,2,2
882,990,2,2
859,1031,2,2
750,805,2,2
952,1102,2,2
880,1040,2,2
595,728,2,2
591,824,2,2
630,974,2,2
704,1015,2,2
565,945,2,2
603,640,2,2
568,631,2,2
879,1055,2,2
836,609,2,2
585,843,2,2
970,991,2,2
903,981,2,2
558,907,2,2
876,957,2,2
998,1027,2,2
557,648,2,2
1009,895,2,2
641,591,2,2
785,802,2,2
559,997,2,2
556,1103,2,2
881,996,2,2
607,841,2,2
590,921,2,2
564,920,2,2
966,1069,2,2
695,895,2,2
1085,1105,2,2
578,598,2,2
602,1109,2,2
587,950,2,2
737,894,2,2
577,1003,2,2
718,1018,2,2
649,831,2,2
588,589,2,2
592,1110,2,2
578,1068,2,2
719,1071,2,2
766,971,2,2
558,881,2,2
861,879,2,2
568,861,2,2
589,944,2,2
1093,784,2,2
635,1026,2,2
614,762,2,2
560,800,2,2
955,985,2,2
556,832,2,2
632,607,2,2
570,1096,2,2
606,844,2,2
728,1047,2,2
993,1060,2,2
587,1014,2,2
1080,1099,2,2
987,997,2,2
679,1065,2,2
578,659,2,2
1079,633,2,2
731,1017,2,2
719,855,2,2
691,781,2,2
819,1010,2,2
593,820,2,2
646,847,2,2
599,875,2,2
794,810,2,2
594,1073,2,2
600,938,2,2
728,1053,2,2
581,597,2,2
564,565,2,2
1093,1052,2,2
557,955,2,2
883,985,2,2
563,670,2,2
561,582,2,2
914,1094,2,2
647,695,2,2
719,1039,2,2
564,582,2,2
601,937,2,2
578,1087,2,2
585,644,2,2
787,990,2,2
644,811,2,2
962,978,2,2
686,828,2,2
564,614,2,2
877,974,2,2
697,1038,2,2
564,638,2,2
764,1054,2,2
560,765,2,2
866,1100,2,2
861,865,2,2
1025,1044,2,2
560,581,2,2
675,895,2,2
585,1036,2,2
730,1032,2,2
590,741,2,2
652,849,2,2
837,992,2,2
604,788,2,2
576,780,2,2
859,1082,2,2
611,893,2,2
622,807,2,2
988,1002,2,2
664,843,2,2
593,791,2,2
590,945,2,2
590,997,2,2
586,1005,2,2
580,1062,2,2
581,712,2,2
592,884,2,2
556,693,2,2
561,576,2,2
780,820,2,2
561,1012,2,2
874,1037,2,2
564,773,2,2
613,724,2,2
1079,614,2,2
571,911,2,2
582,990,2,2
799,972,2,2
571,1037,2,2
872,1014,2,2
584,737,2,2
566,659,2,2
557,703,2,2
563,566,2,2
576,740,2,2
584,592,2,2
616,727,2,2
854,1069,2,2
816,1102,2,2
559,740,2,2
641,990,2,2
557,952,2,2
843,851,2,2
987,1034,2,2
934,1107,2,2
677,1018,2,2
574,1010,2,2
690,927,2,2
558,633,2,2
567,958,2,2
625,988,2,2
637,643,2,2
846,984,2,2
582,909,2,2
803,919,2,2
700,901,2,2
994,1061,2,2
568,861,2,2
602,1095,2,2
589,1064,2,2
741,848,2,2
1058,1075,2,2
585,682,2,2
580,958,2,2
634,943,2,2
598,606,2,2
582,970,2,2
710,720,2,2
865,875,2,2
639,569,2,2
578,624,2,2
563,999,2,2
586,760,2,2
700,724,2,2
579,790,2,2
593,719,2,2
836,1094,2,2
987,1019,2,2
559,564,2,2
598,1097,2,2
792,1088,2,2
556,760,2,2
593,681,2,2
559,664,2,2
597,964,2,2
812,1034,2,2
610,912,2,2
564,709,2,2
740,651,2,2
560,828,2,2
861,892,2,2
571,598,2,2
595,867,2,2
557,1108,2,2
662,988,2,2
715,901,2,2
587,688,2,2
981,1025,2,2
589,990,2,2
580,909,2,2
710,872,2,2
570,1010,2,2
597,935,2,2
612,962,2,2
650,955,2,2
607,688,2,2
628,899,2,2
672,814,2,2
719,958,2,2
982,1073,2,2
1091,1097,2,2
559,645,2,2
803,917,2,2
872,951,2,2
564,861,2,2
559,1013,2,2
602,1056,2,2
716,722,2,2
568,580,2,2
803,877,2,2
594,738,2,2
582,669,2,2
776,975,2,2
795,1026,2,2
563,1084,2,2
839,921,2,2
576,1060,2,2
991,1006,2,2
606,680,2,2
828,1035,2,2
798,855,2,2
556,665,2,2
570,610,2,2
608,944,2,2
581,870,2,2
573,664,2,2
565,1034,2,2
578,1072,2,2
836,703,2,2
558,1009,2,2
637,669,2,2
967,1110,2,2
773,926,2,2
763,817,2,2
884,948,2,2
1093,745,2,2
601,715,2,2
762,989,2,2
727,947,2,2
1038,1092,2,2
1078,926,2,2
747,969,2,2
566,1032,2,2
870,876,2,2
783,921,2,2
602,709,2,2
592,1078,2,2
597,734,2,2
835,1099,2,2
1044,1090,2,2
709,777,2,2
559,885,2,2
725,923,2,2
560,570,2,2
599,674,2,2
581,898,2,2
606,1094,2,2
601,736,2,2
577,1100,2,2
786,842,2,2
564,802,2,2
961,1083,2,2
568,925,2,2
687,815,2,2
803,1030,2,2
601,915,2,2
690,905,2,2
930,1039,2,2
744,871,2,2
926,971,2,2
574,1072,2,2
1071,1090,2,2
595,756,2,2
790,1014,2,2
716,1014,2,2
588,1057,2,2
578,1023,2,2
574,1099,2,2
586,770,2,2
710,732,2,2
614,781,2,2
685,1089,2,2
744,992,2,2
931,1058,2,2
557,606,2,2
560,997,2,2
561,1093,2,2
684,705,2,2
592,982,2,2
568,915,2,2
608,766,2,2
559,574,2,2
606,863,2,2
576,582,2,2
592,1001,2,2
559,875,2,2
838,983,2,2
578,653,2,2
967,1066,2,2
606,934,2,2
749,900,2,2
610,1105,2,2
566,719,2,2
815,1012,2,2
599,997,2,2
594,865,2,2
659,682,2,2
893,905,2,2
910,913,2,2
793,1021,2,2
559,558,2,2
914,930,2,2
579,1068,2,2
878,958,2,2
763,810,2,2
642,929,2,2
557,574,2,2
797,981,2,2
597,776,2,2
712,865,2,2
563,909,2,2
810,959,2,2
578,689,2,2
893,959,2,2
675,987,2,2
675,961,2,2
683,1021,2,2
597,989,2,2
661,841,2,2
573,871,2,2
584,1087,2,2
588,1058,2,2
706,927,2,2
607,869,2,2
778,567,2,2
679,1014,2,2
744,792,2,2
598,1087,2,2
776,859,2,2
576,791,2,2
742,1019,2,2
576,926,2,2
663,569,2,2
560,573,2,2
810,983,2,2
727,833,2,2
645,596,2,2
578,969,2,2
787,602,2,2
661,759,2,2
617,874,2,2
598,958,2,2
671,816,2,2
557,836,2,2
823,1064,2,2
668,1013,2,2
598,857,2,2
740,995,2,2
663,1103,2,2
887,889,2,2
838,1104,2,2
589,616,2,2
570,1009,2,2
670,719,2,2
608,1087,2,2
666,1059,2,2
593,928,2,2
617,754,2,2
861,910,2,2
560,586,2,2
834,982,2,2
594,631,2,2
590,989,2,2
558,828,2,2
687,772,2,2
668,706,2,2
949,1108,2,2
648,1021,2,2
892,1073,2,2
582,876,2,2
577,595,2,2
603,676,2,2
672,1104,2,2
692,890,2,2
827,942,2,2
811,1010,2,2
980,1068,2,2
690,955,2,2
800,904,2,2
576,733,2,2
638,719,2,2
631,682,2,2
707,930,2,2
556,746,2,2
987,1042,2,2
688,924,2,2
578,1092,2,2
753,852,2,2
582,746,2,2
896,999,2,2
691,797,2,2
565,566,2,2
946,1045,2,2
584,795,2,2
606,769,2,2
813,923,2,2
861,576,2,2
1079,1054,2,2
578,992,2,2
977,1053,2,2
561,715,2,2
584,617,2,2
861,847,2,2
587,1023,2,2
576,630,2,2
560,788,2,2
602,1056,2,2
1009,775,2,2
652,1020,2,2
690,991,2,2
810,774,2,2
728,887,2,2
627,670,2,2
1009,590,2,2
565,823,2,2
930,1021,2,2
570,1072,2,2
941,985,2,2
590,849,2,2
586,1014,2,2
766,895,2,2
581,796,2,2
655,1061,2,2
559,719,2,2
1093,608,2,2
571,1064,2,2
606,816,2,2
566,594,2,2
719,837,2,2
683,913,2,2
896,947,2,2
836,1022,2,2
560,1099,2,2
566,601,2,2
629,719,2,2
733,911,2,2
653,871,2,2
682,973,2,2
601,567,2,2
635,664,2,2
472,841,1,2
404,859,1,2
252,803,1,2
529,944,1,2
409,1045,1,2
547,893,1,2
315,781,1,2
400,592,1,2
506,675,1,2
130,850,1,2
398,593,1,2
435,684,1,2
217,701,1,2
141,651,1,2
293,696,1,2
92,1085,1,2
134,702,1,2
322,1026,1,2
351,627,1,2
533,648,1,2
286,577,1,2
432,921,1,2
221,690,1,2
314,597,1,2
73,974,1,2
375,883,1,2
503,1086,1,2
320,954,1,2
335,852,1,2
164,942,1,2
154,765,1,2
147,894,1,2
483,914,1,2
88,860,1,2
406,895,1,2
209,833,1,2
65,631,1,2
369,748,1,2
469,785,1,2
446,665,1,2
31,723,1,2
7,1093,1,2
439,880,1,2
499,903,1,2
53,811,1,2
417,752,1,2
426,561,1,2
379,1027,1,2
210,569,1,2
51,728,1,2
285,713,1,2
61,808,1,2
224,670,1,2
187,677,1,2
300,1039,1,2
17,605,1,2
100,984,1,2
388,916,1,2
307,1028,1,2
493,924,1,2
517,739,1,2
49,936,1,2
326,1014,1,2
270,961,1,2
121,1078,1,2
156,932,1,2
356,1103,1,2
149,911,1,2
2,1100,1,2
246,1007,1,2
240,1000,1,2
337,826,1,2
451,531,1,1
66,503,1,1
366,408,1,1
540,372,1,1
128,356,1,1
215,487,1,1
54,377,1,1
243,469,1,1
86,216,1,1
22,88,1,1
35,422,1,1
79,179,1,1
412,483,1,1
24,131,1,1
182,423,1,1
60,347,1,1
85,162,1,1
370,485,1,1
10,465,1,1
242,535,1,1
304,315,1,1
109,186,1,1
263,296,1,1
237,337,1,1
69,275,1,1
61,473,1,1
481,512,1,1
126,301,1,1
58,194,1,1
93,190,1,1
255,494,1,1
29,544,1,1
94,450,1,1
434,445,1,1
153,431,1,1
441,444,1,1
112,303,1,1
31,446,1,1
318,399,1,1
37,89,1,1
47,383,1,1
244,288,1,1
42,519,1,1
56,167,1,1
151,509,1,1
6,281,1,1
43,174,1,1
19,530,1,1
149,192,1,1
202,245,1,1
7,395,1,1
143,420,1,1
306,484,1,1
292,343,1,1
185,471,1,1
121,350,1,1
393,470,1,1
144,189,1,1
196,517,1,1
71,545,1,1
289,504,1,1
200,498,1,1
229,298,1,1
418,552,1,1
46,268,1,1
108,55,1,1
20,218,1,1
195,415,1,1
62,536,1,1
17,522,1,1
137,260,1,1
269,501,1,1
259,346,1,1
674,712,2,2
611,1060,2,2
870,1040,2,2
932,1067,2,2
709,828,2,2
632,667,2,2
1064,1098,2,2
710,812,2,2
736,776,2,2
700,989,2,2
663,770,2,2
867,1057,2,2
565,1066,2,2
638,1047,2,2
724,866,2,2
671,906,2,2
597,893,2,2
820,824,2,2
892,929,2,2
784,994,2,2
727,871,2,2
854,1063,2,2
956,1081,2,2
803,969,2,2
703,816,2,2
766,1091,2,2
754,823,2,2
810,855,2,2
624,1041,2,2
708,935,2,2
998,1056,2,2
1017,1071,2,2
676,605,2,2
831,1068,2,2
942,971,2,2
786,1028,2,2
680,759,2,2
662,822,2,2
697,853,2,2
654,1013,2,2
826,1030,2,2
1065,1084,2,2
865,958,2,2
862,885,2,2
744,764,2,2
1048,1089,2,2
684,926,2,2
819,583,2,2
1093,701,2,2
878,930,2,2
656,1001,2,2
861,811,2,2
747,1004,2,2
905,562,2,2
796,869,2,2
661,801,2,2
795,937,2,2
787,1046,2,2
876,979,2,2
883,977,2,2
847,985,2,2
809,1054,2,2
591,1075,2,2
791,975,2,2
630,997,2,2
863,972,2,2
1009,613,2,2
568,835,2,2
1092,1100,2,2
735,882,2,2
593,1012,2,2
577,939,2,2
640,953,2,2
794,907,2,2
642,945,2,2
872,961,2,2
699,877,2,2
815,1099,2,2
845,1027,2,2
408,970,1,2
298,671,1,2
117,1075,1,2
460,938,1,2
93,964,1,2
190,1018,1,2
32,912,1,2
156,632,1,2
117,323,1,1
153,479,1,1
70,382,1,1
343,487,1,1
236,284,1,1
35,354,1,1
365,476,1,1
208,272,1,1
252,467,1,1
214,368,1,1
123,303,1,1
394,434,1,1
490,551,1,1
199,271,1,1
23,68,1,1
41,8,1,1
234,330,1,1
146,406,1,1
270,489,1,1
29,152,1,1
71,428,1,1
31,435,1,1
267,535,1,1
183,546,1,1
540,50,1,1
299,555,1,1
55,515,1,1
65,229,1,1
149,493,1,1
375,316,1,1
89,251,1,1
269,274,1,1
18,190,1,1
171,322,1,1
478,511,1,1
217,237,1,1
1,305,1,1
138,523,1,1
160,462,1,1
226,458,1,1
109,397,1,1
327,337,1,1
145,516,1,1
334,416,1,1
372,400,1,1
107,187,1,1
265,447,1,1
164,346,1,1
2,93,1,1
87,486,1,1
446,341,1,1
130,431,1,1
163,300,1,1
370,536,1,1
166,495,1,1
418,539,1,1
20,323,1,1
127,255,1,1
455,554,1,1
287,430,1,1
248,286,1,1
124,200,1,1
45,390,1,1
318,195,1,1
114,419,1,1
38,494,1,1
19,66,1,1
256,445,1,1
104,329,1,1
532,444,1,1
344,357,1,1
49,278,1,1
10,148,1,1
46,285,1,1
117,243,1,1
24,209,1,1
261,366,1,1
62,273,1,1
202,463,1,1
422,553,1,1
386,542,1,1
28,412,1,1
136,509,1,1
47,531,1,1
141,466,1,1
13,402,1,1
186,358,1,1
247,507,1,1
705,562,2,2
811,856,2,2
836,794,2,2
556,991,2,2
790,1084,2,2
900,1019,2,2
1078,825,2,2
719,744,2,2
559,860,2,2
589,999,2,2
799,986,2,2
843,1027,2,2
765,906,2,2
792,1037,2,2
621,1022,2,2
855,1018,2,2
638,955,2,2
888,920,2,2
685,895,2,2
767,875,2,2
972,1029,2,2
963,1021,2,2
592,603,2,2
710,830,2,2
707,958,2,2
571,683,2,2
593,839,2,2
704,970,2,2
942,1030,2,2
581,819,2,2
561,770,2,2
826,1083,2,2
575,1016,2,2
848,1024,2,2
849,1073,2,2
1088,1109,2,2
851,583,2,2
667,833,2,2
656,821,2,2
591,981,2,2
947,1001,2,2
890,1006,2,2
712,886,2,2
741,754,2,2
577,789,2,2
732,1064,2,2
737,971,2,2
884,1042,2,2
864,950,2,2
725,1082,2,2
663,889,2,2
838,940,2,2
831,881,2,2
709,924,2,2
576,619,2,2
1058,1108,2,2
633,1036,2,2
916,1008,2,2
796,969,2,2
700,943,2,2
661,877,2,2
893,1051,2,2
751,780,2,2
870,1017,2,2
908,989,2,2
609,652,2,2
778,880,2,2
814,910,2,2
628,758,2,2
909,1035,2,2
631,968,2,2
688,805,2,2
1072,1074,2,2
641,956,2,2
762,985,2,2
874,1081,2,2
912,1094,2,2
590,998,2,2
690,692,2,2
745,596,2,2
684,990,2,2
734,1028,2,2
421,857,1,2
313,1084,1,2
325,1058,1,2
494,893,1,2
438,691,1,2
456,1090,1,2
387,654,1,2
186,609,1,2
116,958,1,2
154,1082,1,2
57,480,1,1
175,493,1,1
168,282,1,1
717,996,2,2
26,348,1,1
165,330,1,1
540,360,1,1
43,408,1,1
151,364,1,1
19,508,1,1
251,413,1,1
285,440,1,1
48,363,1,1
74,401,1,1
402,536,1,1
73,195,1,1
14,107,1,1
244,351,1,1
114,356,1,1
390,519,1,1
208,304,1,1
108,316,1,1
78,209,1,1
331,525,1,1
4,523,1,1
86,320,1,1
79,236,1,1
271,547,1,1
262,380,1,1
366,400,1,1
292,457,1,1
23,398,1,1
325,415,1,1
256,423,1,1
246,549,1,1
157,305,1,1
253,441,1,1
355,436,1,1
298,354,1,1
162,432,1,1
70,75,1,1
263,418,1,1
98,421,1,1
56,220,1,1
170,487,1,1
233,470,1,1
113,473,1,1
49,434,1,1
85,169,1,1
449,475,1,1
24,179,1,1
275,483,1,1
44,174,1,1
59,229,1,1
87,345,1,1
403,431,1,1
177,200,1,1
221,213,1,1
226,357,1,1
242,306,1,1
207,371,1,1
92,346,1,1
312,338,1,1
197,290,1,1
97,480,1,1
84,430,1,1
192,223,1,1
47,521,1,1
350,539,1,1
291,172,1,1
32,513,1,1
63,425,1,1
544,552,1,1
264,516,1,1
42,512,1,1
198,491,1,1
283,409,1,1
163,454,1,1
120,175,1,1
452,471,1,1
146,361,1,1
313,527,1,1
99,319,1,1
31,407,1,1
225,442,1,1
101,358,1,1
450,16,1,1
212,234,1,1
280,55,1,1
391,530,1,1
76,332,1,1
130,392,1,1
863,1066,2,2
685,1044,2,2
721,1109,2,2
926,972,2,2
763,902,2,2
833,990,2,2
897,1075,2,2
1038,1057,2,2
1016,1100,2,2
793,967,2,2
875,930,2,2
1036,1099,2,2
605,934,2,2
910,921,2,2
559,740,2,2
703,1037,2,2
722,791,2,2
804,985,2,2
913,951,2,2
612,665,2,2
840,1030,2,2
1019,1059,2,2
907,1067,2,2
589,598,2,2
787,1097,2,2
738,949,2,2
655,1047,2,2
854,1046,2,2
701,1055,2,2
823,857,2,2
750,940,2,2
773,1076,2,2
874,1050,2,2
895,997,2,2
739,1074,2,2
855,871,2,2
825,1058,2,2
620,727,2,2
571,1020,2,2
1054,1108,2,2
657,920,2,2
916,1035,2,2
786,931,2,2
922,1063,2,2
565,731,2,2
877,975,2,2
617,744,2,2
944,562,2,2
609,829,2,2
704,1028,2,2
647,747,2,2
646,830,2,2
684,828,2,2
592,970,2,2
661,909,2,2
630,719,2,2
764,1023,2,2
1085,1106,2,2
892,963,2,2
714,1024,2,2
820,977,2,2
779,881,2,2
955,1091,2,2
748,815,2,2
578,1073,2,2
952,1010,2,2
708,715,2,2
618,807,2,2
757,856,2,2
664,1087,2,2
802,827,2,2
983,1096,2,2
780,996,2,2
782,1105,2,2
831,858,2,2
826,937,2,2
667,988,2,2
651,718,2,2
765,890,2,2
642,760,2,2
868,938,2,2
577,888,2,2
679,746,2,2
634,743,2,2
649,865,2,2
183,889,1,2
413,877,1,2
28,633,1,2
458,771,1,2
343,1071,1,2
251,1106,1,2
282,767,1,2
36,942,1,2
402,901,1,2
271,608,1,2
694,562,2,2
641,1077,2,2
